simulate-delivered-sprod-2a074j@mailinator.com,Pass19word,1556200792673743,THMHJMA4
simulate-delivered-sprod-rdosz6@mailinator.com,Pass19word,1556200801085665,3PQBRFSN
simulate-delivered-sprod-qdexfo@mailinator.com,Pass19word,1556200830062792,UR7XBX6D
simulate-delivered-sprod-amwq54@mailinator.com,Pass19word,1556200850298953,WEVTRE98
simulate-delivered-sprod-7ww914@mailinator.com,Pass19word,1556200862987569,QSM475CN
simulate-delivered-sprod-1xv2oi@mailinator.com,Pass19word,1556200880684958,9HTM5QQN
simulate-delivered-sprod-u2ef1l@mailinator.com,Pass19word,1556200907544177,3NPUQFEU
simulate-delivered-sprod-mtps2r@mailinator.com,Pass19word,1556200929569566,WT6EWAYJ
simulate-delivered-sprod-10y3pr@mailinator.com,Pass19word,1556200948711512,5HRGD6WH
simulate-delivered-sprod-cfynz9@mailinator.com,Pass19word,1556200967543291,XREP59GS
simulate-delivered-sprod-kn5fqs@mailinator.com,Pass19word,1556200983654478,PMSJG466
simulate-delivered-sprod-12nqjy@mailinator.com,Pass19word,1556201010204956,F6TFCJHT
simulate-delivered-sprod-wnkkxk@mailinator.com,Pass19word,1556201047241815,UHKXQQB7
simulate-delivered-sprod-69a16h@mailinator.com,Pass19word,1556201088992524,6P7PY6XA
simulate-delivered-sprod-hzi8ou@mailinator.com,Pass19word,1556201107314676,PQJRUVQK
simulate-delivered-sprod-wh4tlz@mailinator.com,Pass19word,1556201126786847,37JFQDY7
simulate-delivered-sprod-qdc80v@mailinator.com,Pass19word,1556201148120488,BRBNNRB4
simulate-delivered-sprod-i0d8oq@mailinator.com,Pass19word,1556201166843045,W8WB6XSK
simulate-delivered-sprod-mogba2@mailinator.com,Pass19word,1556201192353514,J3C5MKYY
simulate-delivered-sprod-j6cog0@mailinator.com,Pass19word,1556201207140815,87YX6RJC
simulate-delivered-sprod-lai9zk@mailinator.com,Pass19word,1556201266547553,RPDYSNT8
simulate-delivered-sprod-wh71ii@mailinator.com,Pass19word,1556201291179893,MRQJ3HUX
simulate-delivered-sprod-er0vxy@mailinator.com,Pass19word,1556201307644153,FPX3S3KT
simulate-delivered-sprod-7mqmev@mailinator.com,Pass19word,1556201331171389,JUKMKQ69
simulate-delivered-sprod-0omlmz@mailinator.com,Pass19word,1556201351657648,V4K6F54X
simulate-delivered-sprod-ny8xk9@mailinator.com,Pass19word,1556201370357139,S7MWYETN
simulate-delivered-sprod-3xkybr@mailinator.com,Pass19word,1556201390838878,8KU5F7D7
simulate-delivered-sprod-f5oa5r@mailinator.com,Pass19word,1556201415801026,3E3HJ9XV
simulate-delivered-sprod-ya9ujf@mailinator.com,Pass19word,1556201434162533,BMSXUFCF
simulate-delivered-sprod-yfmm0z@mailinator.com,Pass19word,1556201450593926,BTXPNMRC
simulate-delivered-sprod-9353k3@mailinator.com,Pass19word,1556201474166394,FHJJW8RD
simulate-delivered-sprod-9pklpd@mailinator.com,Pass19word,1556201522307917,HQXJ94XK
simulate-delivered-sprod-liu894@mailinator.com,Pass19word,1556201532153921,M5CQ3XSQ
simulate-delivered-sprod-7sscgq@mailinator.com,Pass19word,1556201546956384,DPAWREEJ
simulate-delivered-sprod-07h1ii@mailinator.com,Pass19word,1556201578113532,XBSG6WNQ
simulate-delivered-sprod-sclo9f@mailinator.com,Pass19word,1556201606767887,B3VYMWKD
simulate-delivered-sprod-ln6l2f@mailinator.com,Pass19word,1556201639282508,WRATPQSB
simulate-delivered-sprod-pbnw3c@mailinator.com,Pass19word,1556201649963493,H6DQT74V
simulate-delivered-sprod-3xqy5o@mailinator.com,Pass19word,1556201672865334,NR6YEEQT
simulate-delivered-sprod-c2wbla@mailinator.com,Pass19word,1556201709719520,79AH6F5M
simulate-delivered-sprod-iw40o4@mailinator.com,Pass19word,1556201729829135,EF4XE4JF
simulate-delivered-sprod-91vsbb@mailinator.com,Pass19word,1556201737816272,F57KVPJQ
simulate-delivered-sprod-ck15rt@mailinator.com,Pass19word,1556201767484629,6C3V36M7
simulate-delivered-sprod-zod845@mailinator.com,Pass19word,1556201815395462,WRAU7QN6
simulate-delivered-sprod-5266gn@mailinator.com,Pass19word,1556201824414502,8EPRSYCA
simulate-delivered-sprod-0csgpk@mailinator.com,Pass19word,1556201841714009,XHYQAUME
simulate-delivered-sprod-c5efus@mailinator.com,Pass19word,1556201863686226,69AXHYGF
simulate-delivered-sprod-36zrmn@mailinator.com,Pass19word,1556201883959124,V6TUGCNC
simulate-delivered-sprod-yqlpbm@mailinator.com,Pass19word,1556201903252914,JR67E8SN
simulate-delivered-sprod-5eoqbb@mailinator.com,Pass19word,1556201920189024,DXGKG53S
simulate-delivered-sprod-j5zlj0@mailinator.com,Pass19word,1556201941610594,X8D64E6K
simulate-delivered-sprod-w623k9@mailinator.com,Pass19word,1556201976966796,5ATR3RD7
