petitioner-email,petitioner-password,caseid,pin
simulate-delivered-sprod-8bdxpb@mailinator.com,Pass19word,1556186337199189,RTYMM7TF
simulate-delivered-sprod-w8ws27@mailinator.com,Pass19word,1556186362772850,8U63AT7V
simulate-delivered-sprod-t2xt4r@mailinator.com,Pass19word,1556186398583594,7JMA6AJK
simulate-delivered-sprod-f7gbrn@mailinator.com,Pass19word,1556186428859683,684YUWRW
simulate-delivered-sprod-uh0zlo@mailinator.com,Pass19word,1556186457501768,QUE7QVEF
simulate-delivered-sprod-ddbwdo@mailinator.com,Pass19word,1556186493339447,FK6UJGNM
simulate-delivered-sprod-hjkwac@mailinator.com,Pass19word,1556186518609162,NF5WNA6N
simulate-delivered-sprod-fuizk3@mailinator.com,Pass19word,1556186556950049,EWY8FQGU
simulate-delivered-sprod-ihla3s@mailinator.com,Pass19word,1556186584087806,JY6UAB66
simulate-delivered-sprod-19ar1h@mailinator.com,Pass19word,1556186634823721,UYRAJPVN
simulate-delivered-sprod-fsh9t8@mailinator.com,Pass19word,1556186665802073,WDMBHTGY
simulate-delivered-sprod-3o3ka4@mailinator.com,Pass19word,1556186695120637,U3MPC8FJ
simulate-delivered-sprod-79lys9@mailinator.com,Pass19word,1556186725754553,NHAEG97C
simulate-delivered-sprod-xwz3bw@mailinator.com,Pass19word,1556186787840977,XAFP3USG
simulate-delivered-sprod-tp7xe9@mailinator.com,Pass19word,1556186852009532,NC5ECWAR
simulate-delivered-sprod-f8lqcs@mailinator.com,Pass19word,1556186875622790,H76A9YXT
simulate-delivered-sprod-uxw1rc@mailinator.com,Pass19word,1556186908437323,MRK3W35F
simulate-delivered-sprod-9rfxna@mailinator.com,Pass19word,1556186945596628,7M5RXHDX
simulate-delivered-sprod-y5svhs@mailinator.com,Pass19word,1556186970853407,HEKAVD7B
simulate-delivered-sprod-ksbjwv@mailinator.com,Pass19word,1556186994955147,7DXTEQFD
simulate-delivered-sprod-gqzzic@mailinator.com,Pass19word,1556187025783623,DYMPWRQB
simulate-delivered-sprod-shgwnr@mailinator.com,Pass19word,1556187053951787,BGBB44MN
simulate-delivered-sprod-amwq54@mailinator.com,Pass19word,1556200850298953,WEVTRE98
simulate-delivered-sprod-7ww914@mailinator.com,Pass19word,1556200862987569,QSM475CN
simulate-delivered-sprod-1xv2oi@mailinator.com,Pass19word,1556200880684958,9HTM5QQN
simulate-delivered-sprod-u2ef1l@mailinator.com,Pass19word,1556200907544177,3NPUQFEU
simulate-delivered-sprod-mtps2r@mailinator.com,Pass19word,1556200929569566,WT6EWAYJ
simulate-delivered-sprod-10y3pr@mailinator.com,Pass19word,1556200948711512,5HRGD6WH
simulate-delivered-sprod-cfynz9@mailinator.com,Pass19word,1556200967543291,XREP59GS
simulate-delivered-sprod-kn5fqs@mailinator.com,Pass19word,1556200983654478,PMSJG466
simulate-delivered-sprod-12nqjy@mailinator.com,Pass19word,1556201010204956,F6TFCJHT
simulate-delivered-sprod-wnkkxk@mailinator.com,Pass19word,1556201047241815,UHKXQQB7
simulate-delivered-sprod-69a16h@mailinator.com,Pass19word,1556201088992524,6P7PY6XA
simulate-delivered-sprod-hzi8ou@mailinator.com,Pass19word,1556201107314676,PQJRUVQK
simulate-delivered-sprod-wh4tlz@mailinator.com,Pass19word,1556201126786847,37JFQDY7
simulate-delivered-sprod-qdc80v@mailinator.com,Pass19word,1556201148120488,BRBNNRB4
simulate-delivered-sprod-i0d8oq@mailinator.com,Pass19word,1556201166843045,W8WB6XSK
simulate-delivered-sprod-mogba2@mailinator.com,Pass19word,1556201192353514,J3C5MKYY
simulate-delivered-sprod-j6cog0@mailinator.com,Pass19word,1556201207140815,87YX6RJC
simulate-delivered-sprod-lai9zk@mailinator.com,Pass19word,1556201266547553,RPDYSNT8
simulate-delivered-sprod-wh71ii@mailinator.com,Pass19word,1556201291179893,MRQJ3HUX
simulate-delivered-sprod-er0vxy@mailinator.com,Pass19word,1556201307644153,FPX3S3KT
simulate-delivered-sprod-7mqmev@mailinator.com,Pass19word,1556201331171389,JUKMKQ69
simulate-delivered-sprod-0omlmz@mailinator.com,Pass19word,1556201351657648,V4K6F54X
simulate-delivered-sprod-ny8xk9@mailinator.com,Pass19word,1556201370357139,S7MWYETN
simulate-delivered-sprod-8ufvxn@mailinator.com,Pass19word,1556187092209148,M3CHT9F7
simulate-delivered-sprod-1zj92g@mailinator.com,Pass19word,1556187124711343,3TE4UTRP
simulate-delivered-sprod-cj813u@mailinator.com,Pass19word,1556187147721675,VWUB88T7
simulate-delivered-sprod-bqoy02@mailinator.com,Pass19word,1556187175259838,TRPJQDW4
simulate-delivered-sprod-2a074j@mailinator.com,Pass19word,1556200792673743,THMHJMA4
simulate-delivered-sprod-rdosz6@mailinator.com,Pass19word,1556200801085665,3PQBRFSN
simulate-delivered-sprod-qdexfo@mailinator.com,Pass19word,1556200830062792,UR7XBX6D